label,total_duration_seconds,total_duration_hours,event_count,duration_ratio,duration_percentage,avg_duration_per_event,display_name
/t/dd00077,242315.553,67.30987583333334,27411,0.12584234480536097,12.584234480536097,8.840084382182336,Mechanisms
/m/04rlf,228617.416,63.50483777777778,30930,0.11872845690917185,11.872845690917185,7.391445716133204,Music
/m/093_4n,178711.893,49.6421925,21162,0.09281089629325104,9.281089629325104,8.444943436348172,Background noise
/m/05zppz,122489.506,34.02486277777778,101509,0.06361278282905072,6.361278282905072,1.2066861657587011,"Male speech, man speaking"
/m/03m9d0z,96461.005,26.794723611111113,10532,0.050095336024434424,5.009533602443442,9.158849696164072,Wind
/m/01h8n0,57053.692,15.848247777777779,7436,0.02962983717798281,2.962983717798281,7.672632060247445,Conversation
/m/02zsn,44048.204,12.23561222222222,36065,0.022875664426809945,2.2875664426809945,1.22135599611812,"Female speech, woman speaking"
/t/dd00099,41316.069,11.476685833333335,131725,0.02145677789448408,2.145677789448408,0.3136539684949706,Generic impact sounds
/m/0bzvm2,34523.083,9.589745277777778,4344,0.01792895941198663,1.792895941198663,7.947302716390423,Video game sound
/t/dd00092,33823.062,9.395294999999999,18834,0.01756541574769285,1.756541574769285,1.7958512265052564,Wind noise (microphone)
/m/03qtwd,26313.355,7.309265277777778,3168,0.013665380747953346,1.3665380747953346,8.30598327020202,Crowd
/m/07qfr4h,24868.433,6.907898055555556,3405,0.012914985776232932,1.2914985776232932,7.303504552129222,"Hubbub, speech noise, speech babble"
/t/dd00003,22708.878,6.308021666666667,9769,0.01179345865355525,1.1793458653555249,2.3245857303715836,Male singing
/m/0838f,21136.003,5.871111944444444,3135,0.010976613528943161,1.0976613528943162,6.74194673046252,Water
/m/0c1dj,19194.035,5.331676388888889,14803,0.009968086409526369,0.9968086409526369,1.2966314260622847,Sound effect
/t/dd00066,18923.655,5.256570833333333,2142,0.009827669284966173,0.9827669284966173,8.834572829131652,Medium engine (mid frequency)
/m/012f08,18266.708,5.0740855555555555,2288,0.009486495349288807,0.9486495349288807,7.9837010489510485,Motor vehicle (road)
/m/07q2z82,17505.359,4.862599722222222,7506,0.009091102060706886,0.9091102060706886,2.332182120969891,"Accelerating, revving, vroom"
/m/0k4j,16627.392,4.61872,1950,0.008635145253255372,0.8635145253255372,8.526867692307691,Car
/m/07jdr,16150.471,4.486241944444444,1713,0.008387464672360435,0.8387464672360435,9.428179217746644,Train
/m/0lyf6,14893.502,4.137083888888889,31606,0.007734679804244068,0.7734679804244069,0.4712238815414795,Breathing
/m/020bb7,14012.083,3.892245277777778,16732,0.007276930260961568,0.7276930260961568,0.8374422065503228,"Bird vocalization, bird call, bird song"
/m/01j3sz,13695.983,3.8044397222222224,11706,0.007112769253958544,0.7112769253958544,1.1699968392277464,Laughter
/t/dd00004,13356.548999999999,3.7101524999999995,5291,0.006936490142123477,0.6936490142123477,2.524390285390285,Female singing
/m/07c52,12091.601,3.3587780555555558,1329,0.006279561519894877,0.6279561519894876,9.098270127915727,Television
/m/0ytgt,10786.626,2.996285,10679,0.005601845575213538,0.5601845575213538,1.0100782844835658,"Child speech, kid speaking"
/m/09l8g,9180.435,2.550120833333333,16211,0.004767698368635892,0.47676983686358915,0.5663089877243846,Human voice
/m/0l14jd,9037.304,2.510362222222222,2551,0.004693365786879011,0.46933657868790113,3.5426515092120736,Choir
/m/07p6fty,8662.066,2.4061294444444448,5745,0.004498492493788848,0.4498492493788848,1.5077573542210618,Shout
/t/dd00109,8534.637,2.3707325000000004,15918,0.004432314471133397,0.44323144711333967,0.536162646061063,Surface contact
/m/07r04,7176.516,1.9934766666666666,796,0.0037269980807760603,0.37269980807760605,9.015723618090451,Truck
/m/053hz1,7160.229,1.9889525000000001,1476,0.0037185397121551867,0.37185397121551866,4.851103658536585,Cheering
/m/096m7z,7134.103,1.9816952777777779,1625,0.0037049716309499954,0.3704971630949995,4.390217230769231,Noise
/m/07pggtn,6684.303,1.8567508333333334,10112,0.0034713758671095648,0.34713758671095646,0.6610267998417722,"Chirp, tweet"
/m/0btp2,6552.41,1.8201138888888888,710,0.003402879544121112,0.3402879544121112,9.228746478873239,"Traffic noise, roadway noise"
/m/03vt0,6273.108,1.7425300000000001,1275,0.0032578289348899874,0.32578289348899875,4.920084705882353,Insect
/m/034srq,6112.82,1.6980055555555555,689,0.003174586165226904,0.31745861652269036,8.872017416545718,"Waves, surf"
/m/07qjznt,5910.124,1.641701111111111,57020,0.0030693195424003144,0.30693195424003145,0.10365001753770607,Tick
/m/07qwyj0,5869.268,1.6303522222222222,1294,0.003048101693295235,0.30481016932952354,4.535755795981453,Rustle
/m/02mk9,5701.954,1.583876111111111,667,0.0029612100934037324,0.2961210093403732,8.548656671664167,Engine
/m/04_sv,5425.336,1.507037777777778,646,0.002817553372634475,0.2817553372634475,8.398352941176471,Motorcycle
/t/dd00067,5422.567,1.5062686111111112,583,0.002816115340909099,0.2816115340909099,9.301144082332762,Heavy engine (low frequency)
/t/dd00038,5152.156,1.4311544444444444,559,0.0026756821170410357,0.26756821170410355,9.21673703041145,Rain on surface
/m/0j6m2,5048.507,1.4023630555555555,556,0.0026218538215179213,0.26218538215179216,9.080048561151079,"Stream, river"
/m/0dgw9r,4918.378,1.366216111111111,8569,0.0025542736010804126,0.25542736010804123,0.5739733924611973,Human sounds
/m/02rlv9,4894.309,1.3595302777777778,539,0.002541773786852144,0.2541773786852144,9.080350649350649,"Motorboat, speedboat"
/m/07pbtc8,4780.905,1.3280291666666666,12699,0.0024828794026757095,0.24828794026757095,0.3764788566028821,"Walk, footsteps"
/m/06mb1,4633.983,1.2872175000000001,505,0.002406578031366319,0.24065780313663193,9.17620396039604,Rain
/m/0ltv,4546.364,1.2628788888888887,515,0.0023610746360085274,0.23610746360085275,8.827891262135921,"Race car, auto racing"
/m/03kmc9,4543.352,1.2620422222222223,822,0.0023595104064827663,0.23595104064827663,5.527192214111922,Siren
/m/09x0r,4511.05,1.2530694444444446,4501,0.002342734927684248,0.2342734927684248,1.0022328371473006,Speech
/m/07yv9,4477.188,1.2436633333333333,598,0.002325149290167208,0.23251492901672077,7.4869364548494985,Vehicle
/m/028ght,4389.995,1.2194430555555555,944,0.002279867130459474,0.2279867130459474,4.65041843220339,Applause
/m/0395lw,4334.8,1.2041111111111111,2555,0.0022512025724666495,0.22512025724666496,1.6965949119373778,Bell
/m/0l15bq,4303.327,1.1953686111111113,10160,0.0022348576203204736,0.22348576203204737,0.4235558070866142,Clapping
/t/dd00112,4279.287,1.1886908333333335,2844,0.002222372866735049,0.2222372866735049,1.50467194092827,"Crumpling, crinkling"
/m/09xqv,3887.335,1.0798152777777779,3277,0.002018819450041442,0.2018819450041442,1.1862480927677754,Cricket
/m/07pqc89,3832.477,1.0645769444444444,596,0.0019903299071051183,0.19903299071051184,6.430330536912751,"Trickle, dribble"
/m/0jbk,3828.305,1.0634180555555555,4202,0.001988163251865584,0.19881632518655842,0.911067348881485,Animal
/m/02_41,3799.241,1.0553447222222223,601,0.0019730693717405104,0.19730693717405104,6.321532445923461,Fire
/m/012ndj,3794.471,1.0540197222222223,480,0.0019705921556588766,0.19705921556588765,7.9051479166666665,"Fire engine, fire truck (siren)"
/m/06bxc,3777.471,1.0492975,1262,0.0019617635029570376,0.19617635029570377,2.993241679873217,Rapping
/m/02jz0l,3755.754,1.0432649999999999,582,0.0019504851587966937,0.19504851587966937,6.453185567010309,"Water tap, faucet"
/m/015lz1,3602.261,1.0006280555555556,1216,0.0018707712535517866,0.18707712535517865,2.9623856907894734,Singing
/m/07rwm0c,3551.835,0.9866208333333334,2257,0.0018445833923080837,0.18445833923080837,1.5736973859105008,Clickety-clack
/t/dd00005,3543.995,0.9844430555555556,1771,0.001840511825415,0.1840511825415,2.0011264822134387,Child singing
/m/09ct_,3476.255,0.965626388888889,396,0.00180533224106073,0.180533224106073,8.778421717171717,Helicopter
/m/01w250,3441.083,0.9558563888888889,2862,0.0017870662779531363,0.17870662779531363,1.2023350803633823,Whistling
/m/06wzb,3368.903,0.9358063888888888,748,0.00174958085724615,0.17495808572461502,4.50388101604278,Steam
/m/07rrlb6,3331.128,0.9253133333333334,1763,0.0017299630716101516,0.17299630716101516,1.8894656834940444,"Splash, splatter"
/m/01bjv,3258.813,0.9052258333333334,365,0.0016924075410140627,0.16924075410140627,8.928254794520548,Bus
/m/07pp_mv,3250.767,0.9029908333333333,1558,0.0016882289916235332,0.16882289916235332,2.0865,Alarm
/m/0k5j,3241.48,0.9004111111111112,355,0.0016834059505857696,0.16834059505857696,9.130929577464789,Aircraft
/m/0195fx,3207.119,0.8908663888888889,338,0.001665561166145305,0.1665561166145305,9.488517751479291,"Subway, metro, underground"
/m/01j4z9,3194.075,0.8872430555555555,419,0.0016587869928604347,0.16587869928604346,7.623090692124104,Chainsaw
/m/03w41f,3174.156,0.88171,405,0.0016484424085564384,0.16484424085564384,7.837422222222222,Church bell
/m/07p9k1k,3129.591,0.8693308333333333,390,0.0016252983551648225,0.16252983551648226,8.024592307692307,Sizzle
/m/019jd,3071.49,0.8531916666666666,351,0.0015951246168924953,0.15951246168924954,8.75068376068376,"Boat, Water vehicle"
/m/0brhx,2993.603,0.8315563888888889,2570,0.0015546753655402508,0.15546753655402507,1.1648260700389106,Speech synthesizer
/m/05kq4,2979.998,0.8277772222222223,321,0.0015476098467162198,0.15476098467162197,9.283482866043613,Ocean
/m/01h82_,2964.229,0.8233969444444444,509,0.001539420492336496,0.1539420492336496,5.823632612966601,Engine knocking
/m/02x984l,2961.619,0.8226719444444445,334,0.001538065034480508,0.1538065034480508,8.86712275449102,Mechanical fan
/m/0bt9lr,2939.938,0.8166494444444444,3819,0.0015268053862905915,0.15268053862905914,0.7698188007331762,Dog
/m/05tny_,2915.234,0.8097872222222222,6240,0.0015139757959172833,0.15139757959172834,0.46718493589743587,Bark
/m/06h7j,2888.154,0.802265,1541,0.0014999122714957653,0.14999122714957652,1.8742076573653472,Run
/m/0150b9,2880.573,0.8001591666666666,305,0.0014959752117232566,0.14959752117232566,9.444501639344262,Change ringing (campanology)
/m/01v_m0,2873.497,0.7981936111111111,430,0.001492300414869244,0.1492300414869244,6.6825511627906975,Sine wave
/m/07rwj3x,2779.647,0.7721241666666666,1707,0.0014435610586299723,0.14435610586299724,1.6283813708260104,Whoop
/m/014yck,2753.375,0.7648263888888889,290,0.0014299171548780476,0.14299171548780476,9.494396551724138,Aircraft engine
/m/07pjwq1,2644.398,0.7345550000000001,670,0.0013733218557316746,0.13733218557316745,3.9468626865671643,Buzz
/m/014zdl,2636.843,0.7324563888888889,1145,0.0013693982986044747,0.13693982986044748,2.3029196506550216,Explosion
/m/0284vy3,2625.488,0.7293022222222222,1171,0.0013635012779321578,0.1363501277932158,2.2420905209222886,Train horn
/m/02fs_r,2622.375,0.7284375,6682,0.0013618845958226977,0.13618845958226977,0.39245360670457946,"Beep, bleep"
/m/01yg9g,2583.056,0.7175155555555556,291,0.001341464960788367,0.1341464960788367,8.876481099656358,Lawn mower
/m/032s66,2568.186,0.713385,3472,0.0013337424863368171,0.13337424863368172,0.7396849078341015,"Gunshot, gunfire"
/m/0_ksk,2544.493,0.7068036111111111,535,0.0013214379411330122,0.1321437941133012,4.756061682242991,Power tool
/m/07r_25d,2483.044,0.6897344444444444,1570,0.0012895254776109344,0.12895254776109344,1.5815566878980891,Coo
/m/0d31p,2481.646,0.6893461111111112,296,0.0012887994507593363,0.12887994507593364,8.38393918918919,Vacuum cleaner
/m/046dlr,2426.844,0.6741233333333333,955,0.0012603389904436775,0.12603389904436776,2.5411979057591623,Alarm clock
/g/122z_qxw,2410.967,0.6697130555555556,1001,0.0012520935481526714,0.12520935481526713,2.4085584415584416,Firecracker
/m/07rv9rh,2357.154,0.654765,1868,0.001224146707691255,0.12241467076912549,1.2618597430406853,Clip-clop
/m/01m4t,2355.674,0.6543538888888889,422,0.001223378095573683,0.12233780955736831,5.5821658767772515,Printer
/m/0dxrf,2350.192,0.6528311111111111,293,0.0012205311147435959,0.12205311147435959,8.021133105802047,Frying (food)
/m/0j2kx,2345.95,0.6516527777777777,259,0.001218328106228231,0.1218328106228231,9.057722007722006,Waterfall
/m/07qcpgn,2339.8269999999998,0.6499519444444444,11582,0.0012151482332580332,0.12151482332580332,0.2020227076498014,Tap
/m/05_wcq,2331.714,0.6476983333333333,1764,0.0012109348885892084,0.12109348885892084,1.3218333333333332,"Bird flight, flapping wings"
/m/0dgbq,2316.322,0.6434227777777778,249,0.0012029413225664609,0.12029413225664609,9.302497991967872,Civil defense siren
/m/07qf0zm,2290.296,0.6361933333333333,898,0.0011894251746124565,0.11894251746124565,2.5504409799554564,Howl
/m/0cmf2,2273.494,0.6315261111111111,243,0.0011806993497479681,0.11806993497479681,9.355942386831277,"Fixed-wing aircraft, airplane"
/m/07ptzwd,2272.492,0.6312477777777779,270,0.0011801789785710717,0.11801789785710716,8.416637037037038,Pump (liquid)
/m/04qvtq,2152.939,0.5980386111111111,354,0.0011180912187791305,0.11180912187791306,6.081748587570621,Police car (siren)
/t/dd00001,2149.112,0.5969755555555556,1831,0.001116103733256193,0.1116103733256193,1.1737367558711087,Baby laughter
/m/06_fw,2145.828,0.5960633333333333,946,0.0011143982452872024,0.11143982452872024,2.2683171247357294,Skateboard
/t/dd00002,2136.219,0.5933941666666667,1767,0.0011094079791806157,0.11094079791806156,1.2089524617996605,"Baby cry, infant cry"
/m/04gy_2,2131.141,0.5919836111111111,1007,0.001106770808685325,0.1106770808685325,2.1163267130089376,Battle cry
/m/07prgkl,2110.842,0.586345,541,0.0010962288780268171,0.10962288780268171,3.9017412199630317,Pour
/m/03qc9zr,2085.562,0.5793227777777777,1371,0.0010831001521266702,0.10831001521266702,1.521197665937272,Screaming
/m/0ghcn6,2076.48,0.5768,1687,0.0010783835742538405,0.10783835742538404,1.2308713692946058,Growling
/m/01jg02,2065.539,0.5737608333333334,4830,0.0010727015572414393,0.10727015572414393,0.42764782608695656,"Heart sounds, heartbeat"
/m/02pjr4,2054.375,0.5706597222222223,379,0.00106690372907889,0.106690372907889,5.420514511873351,"Blender, food processor"
/m/09b5t,2043.08,0.5675222222222222,1863,0.0010610378683572855,0.10610378683572855,1.0966612989801394,"Chicken, rooster"
/m/0c3f7m,2028.326,0.563423888888889,999,0.0010533756364771128,0.10533756364771128,2.0303563563563563,Fire alarm
/m/0463cq4,2021.836,0.5616211111111111,1324,0.0010500051684750578,0.10500051684750578,1.5270664652567976,"Crying, sobbing"
/m/01jt3m,2003.607,0.5565575,367,0.0010405382561161267,0.10405382561161267,5.45941961852861,Toilet flush
/m/01d380,1995.006,0.5541683333333334,568,0.0010360714771815078,0.10360714771815079,3.5123345070422536,Drill
/m/06q74,1984.008,0.5511133333333333,214,0.0010303598582159298,0.10303598582159297,9.271065420560747,Ship
/m/056ks2,1948.835,0.5413430555555556,272,0.0010120933757758242,0.10120933757758242,7.16483455882353,"Rowboat, canoe, kayak"
/m/03wvsk,1948.028,0.5411188888888889,250,0.0010116742744387427,0.10116742744387427,7.792112,Hair dryer
/m/03cczk,1926.488,0.5351355555555556,2027,0.0010004878521330004,0.10004878521330005,0.9504134188455846,"Chewing, mastication"
/m/02g901,1909.148,0.5303188888888889,270,0.0009914826263771243,0.09914826263771244,7.070918518518519,"Electric shaver, electric razor"
/m/01m2v,1890.419,0.5251163888888889,2888,0.000981756047762257,0.0981756047762257,0.654577216066482,Computer keyboard
/m/07pb8fc,1886.247,0.5239575,233,0.000979589392522723,0.0979589392522723,8.095480686695279,Idling
/t/dd00048,1883.633,0.5232313888888889,889,0.0009782318573366873,0.09782318573366873,2.118822272215973,Train wheels squealing
/m/0912c9,1875.868,0.5210744444444444,1930,0.0009741992403819942,0.09741992403819942,0.9719523316062176,"Vehicle horn, car horn, honking, toot"
/m/0199g,1863.641,0.5176780555555556,381,0.0009678493617593242,0.09678493617593242,4.891446194225722,"Bicycle, tricycle"
/m/07qlf79,1817.903,0.5049730555555556,860,0.0009440961313312815,0.09440961313312815,2.113840697674419,Spray
/m/02rr_,1786.345,0.49620694444444446,216,0.0009277070359215965,0.09277070359215965,8.27011574074074,Effects unit
/m/0g6b5,1781.351,0.49481972222222226,640,0.0009251134893573034,0.09251134893573033,2.7833609375000004,Fireworks
/t/dd00006,1767.616,0.49100444444444447,696,0.0009179804573067289,0.09179804573067289,2.5396781609195402,Synthetic singing
/m/02rtxlg,1755.831,0.4877308333333333,1645,0.0009118601236543068,0.09118601236543067,1.0673744680851063,Whispering
/m/0dv3j,1734.389,0.4817747222222222,218,0.000900724595934728,0.09007245959347279,7.955912844036697,Boiling
/m/04k94,1715.9470000000001,0.4766519444444445,545,0.0008911470657507681,0.08911470657507681,3.1485266055045873,Liquid
/m/07q0h5t,1699.729,0.47214694444444444,1708,0.0008827245310732134,0.08827245310732133,0.995157494145199,Bleat
/m/09ddx,1697.736,0.47159333333333336,1721,0.0008816895013770507,0.08816895013770507,0.9864822777454969,"Ducks, geese, waterfowl"
/m/0llzx,1690.223,0.4695063888888889,622,0.0008777877562153496,0.08777877562153495,2.7174003215434084,Sewing machine
/m/04zjc,1674.586,0.46516277777777776,1130,0.000869666953727193,0.0869666953727193,1.4819345132743362,Machine gun
/m/01h3n,1669.143,0.46365083333333335,239,0.0008668402268650688,0.08668402268650688,6.983861924686193,"Bee, wasp, etc."
/m/0130jx,1651.691,0.45880305555555556,268,0.000857776835867863,0.0857776835867863,6.163026119402986,Sink (filling or washing)
/m/02l6bg,1638.805,0.45522361111111115,178,0.0008510847171198688,0.08510847171198688,9.20676966292135,"Propeller, airscrew"
/t/dd00088,1636.103,0.45447305555555556,217,0.0008496814806727883,0.08496814806727883,7.539645161290323,Gush
/m/0h9mv,1603.865,0.44551805555555557,1061,0.0008329392391550296,0.08329392391550297,1.5116540999057493,"Tire squeal, skidding"
/m/02qldy,1584.848,0.44023555555555555,212,0.0008230630927767426,0.08230630927767427,7.475698113207547,"Narration, monologue"
/m/07s02z0,1577.7359999999999,0.43826,3209,0.0008193695999523026,0.08193695999523026,0.49165970707385476,Squeal
/m/012n7d,1561.608,0.43378,224,0.0008109938052008165,0.08109938052008164,6.971464285714285,Ambulance (siren)
/m/0jb2l,1552.833,0.4313425,345,0.0008064366624091318,0.08064366624091318,4.500965217391305,Thunderstorm
/m/07r660_,1547.279,0.42979972222222224,1607,0.0008035522896381896,0.08035522896381897,0.9628369632856254,Giggle
/m/02yds9,1541.308,0.4281411111111111,761,0.0008004513552097966,0.08004513552097965,2.025371879106439,Purr
/m/04229,1532.514,0.4256983333333333,164,0.0007958843451003863,0.07958843451003862,9.34459756097561,Jet engine
/m/026fgl,1532.207,0.42561305555555556,386,0.0007957249100192414,0.07957249100192414,3.969448186528498,Wind chime
/m/07qv4k0,1493.116,0.4147544444444444,2225,0.0007754236827976177,0.07754236827976177,0.6710633707865169,Scrape
/m/0fw86,1489.6390000000001,0.41378861111111115,1251,0.0007736179636538358,0.07736179636538358,1.1907585931254998,Tap dance
/m/01hnzm,1487.892,0.41330333333333336,578,0.0007727106897555938,0.07727106897555938,2.5742076124567475,Ringtone
/m/0hsrw,1474.643,0.40962305555555556,161,0.0007658300533057897,0.07658300533057896,9.159273291925466,"Sailboat, sailing ship"
/m/01d3sd,1438.761,0.3996558333333333,1158,0.0007471953641147662,0.07471953641147662,1.2424533678756475,Snoring
/m/02bk07,1407.357,0.3909325,290,0.0007308862459119097,0.07308862459119096,4.852955172413793,Chant
/m/07pp8cl,1380.54,0.38348333333333334,751,0.0007169593059410141,0.07169593059410141,1.8382689747003995,Telephone bell ringing
/m/0c1tlg,1378.935,0.3830375,157,0.000716125777259458,0.0716125777259458,8.783025477707007,"Electric rotor drone, quadcopter"
/m/025wky1,1358.314,0.3773094444444445,148,0.000705416621532127,0.0705416621532127,9.177797297297298,Air conditioning
/m/06hck5,1346.272,0.37396444444444443,467,0.0006991628194241536,0.06991628194241535,2.8828094218415417,Steam whistle
/m/0ngt1,1344.577,0.3734936111111111,421,0.0006982825508165289,0.0698282550816529,3.193769596199525,Thunder
/t/dd00138,1325.678,0.3682438888888889,1765,0.000688467685674643,0.0688467685674643,0.7510923512747876,Brief tone
/m/02bm9n,1318.147,0.36615194444444443,444,0.0006845565925277282,0.06845565925277282,2.9687995495495496,"Ratchet, pawl"
/m/05x_td,1286.362,0.3573227777777778,926,0.0006680496086378481,0.06680496086378482,1.389159827213823,"Air horn, truck horn"
/m/03j1ly,1282.199,0.3561663888888889,188,0.0006658876273909212,0.06658876273909212,6.820207446808511,Emergency vehicle
/m/07qn4z3,1262.15,0.3505972222222222,819,0.0006554755298603815,0.06554755298603815,1.5410866910866912,Rattle
/m/04cvmfc,1257.259,0.3492386111111111,745,0.0006529354745448111,0.06529354745448111,1.6875959731543624,Roar
/m/03dnzn,1256.508,0.34903,147,0.0006525454558283945,0.06525454558283945,8.547673469387755,Bathtub (filling or washing)
/m/07rjwbb,1243.231,0.34534194444444444,427,0.000645650278068258,0.0645650278068258,2.9115480093676815,Hiss
/t/dd00141,1237.34,0.34370555555555554,1033,0.0006425908902408147,0.06425908902408148,1.197812197483059,Pant (dog)
/m/03cl9h,1236.674,0.34352055555555555,145,0.0006422450147879074,0.06422450147879073,8.528786206896552,"Ice cream truck, ice cream van"
/m/09ld4,1230.821,0.3418947222222222,952,0.0006392053615959153,0.06392053615959153,1.2928792016806723,Frog
/m/01g50p,1215.641,0.3376780555555556,141,0.0006313218940656848,0.06313218940656848,8.621567375886526,"Railroad car, train wagon"
/m/07ptfmf,1210.312,0.33619777777777776,688,0.000628554371109914,0.0628554371109914,1.759174418604651,Stir
/m/02mfyn,1199.64,0.3332333333333334,630,0.0006230120545432065,0.06230120545432065,1.9041904761904764,Car alarm
/m/02p01q,1191.445,0.3309569444444444,884,0.0006187561246084079,0.06187561246084079,1.3477884615384614,Filing (rasp)
/m/07qc9xj,1183.688,0.3288022222222223,8054,0.0006147276623138099,0.061472766231380996,0.14696895952321828,Clicking
/m/06d_3,1167.087,0.3241908333333333,121,0.0006061062232842079,0.060610622328420787,9.645347107438017,Rail transport
/m/07rpkh9,1151.848,0.3199577777777778,768,0.0005981921151357767,0.059819211513577664,1.4998020833333332,Moo
/m/07swgks,1145.395,0.31816527777777776,352,0.000594840862436661,0.05948408624366609,3.253963068181818,"Gurgling, bubbling"
/m/07phhsh,1138.618,0.31628277777777775,150,0.0005913213460036983,0.059132134600369826,7.590786666666666,Rumble
/m/0_1c,1132.628,0.3146188888888889,614,0.0005882105442575796,0.058821054425757954,1.844671009771987,Artillery fire
/m/081rb,1120.037,0.3111213888888889,1291,0.0005816716286005879,0.05816716286005879,0.867573199070488,Writing
/m/06bz3,1115.308,0.3098077777777778,582,0.000579215705151941,0.057921570515194094,1.9163367697594502,Radio
/m/01c194,1111.263,0.30868416666666665,324,0.0005771150051414151,0.057711500514141506,3.429824074074074,Mantra
/m/07qn5dc,1109.305,0.3081402777777778,636,0.0005760981520831679,0.057609815208316796,1.744190251572327,"Crowing, cock-a-doodle-doo"
/t/dd00065,1102.542,0.30626166666666665,153,0.0005725859063053715,0.05725859063053715,7.206156862745098,Light engine (high frequency)
/m/0239kh,1101.096,0.30586,677,0.0005718349514932033,0.05718349514932033,1.626434268833087,Cowbell
/m/01b_21,1099.468,0.3054077777777778,2116,0.0005709894781638742,0.05709894781638742,0.5195973534971645,Cough
/m/01x3z,1097.429,0.3048413888888889,238,0.0005699305591721655,0.05699305591721655,4.611046218487395,Clock
/m/07r5c2p,1095.997,0.3044436111111111,1855,0.0005691868750151634,0.05691868750151634,0.590833962264151,Caw
/m/068zj,1087.285,0.30202361111111115,1140,0.0005646624501717267,0.056466245017172664,0.9537587719298246,Pig
/m/0g12c5,1073.495,0.29819305555555553,183,0.0005575008548329994,0.05575008548329993,5.866092896174862,Distortion
/m/01b82r,1064.364,0.2956566666666667,355,0.0005527588296670879,0.055275882966708795,2.9982084507042255,Sawing
/m/01yrx,1061.652,0.29490333333333335,1270,0.0005513503998948886,0.05513503998948886,0.8359464566929135,Cat
/t/dd00134,1043.81,0.2899472222222222,390,0.0005420844692180523,0.05420844692180523,2.6764358974358973,Car passing by
/m/015p6,1042.269,0.28951916666666666,965,0.0005412841778172562,0.05412841778172562,1.0800715025906735,Bird
/t/dd00130,1025.919,0.28497750000000005,632,0.0005327930912481343,0.053279309124813434,1.6232895569620254,Engine starting
/m/0fx9l,1024.514,0.2845872222222222,165,0.0005320634290689527,0.05320634290689527,6.209175757575757,Microwave oven
/m/07r4gkf,1017.725,0.2827013888888889,886,0.0005285376806458477,0.052853768064584764,1.14867381489842,Patter
/m/07rn7sz,1003.8,0.2788333333333333,707,0.0005213059754180175,0.05213059754180175,1.4198019801980197,Glass shatter
/m/07p7b8y,1001.647,0.2782352777777778,169,0.0005201878525199552,0.05201878525199552,5.926905325443787,Fill (with liquid)
/m/07pxg6y,995.327,0.2764797222222222,132,0.0005169056710449184,0.051690567104491845,7.540356060606061,Eruption
/m/0261r1,994.024,0.2761177777777778,1319,0.000516228980781948,0.051622898078194805,0.7536194086429113,Babbling
/m/06hps,975.9830000000001,0.2711063888888889,1295,0.0005068597029352491,0.05068597029352491,0.7536548262548263,"Rodents, rats, mice"
/m/0c2wf,961.01,0.2669472222222222,1038,0.0004990837372349762,0.049908373723497615,0.9258285163776493,Typewriter
/m/07qnq_y,955.7,0.2654722222222222,2579,0.0004963260815969311,0.04963260815969311,0.37056998836758437,"Thump, thud"
/m/07st88b,954.449,0.2651247222222222,876,0.000495676396624578,0.0495676396624578,1.0895536529680365,Croak
/m/03q5_w,939.258,0.260905,855,0.00048778721643671685,0.04877872164367168,1.0985473684210527,"Burping, eructation"
/m/07st89h,932.328,0.25898,1873,0.00048418824212943763,0.048418824212943766,0.49777255739455417,Cluck
/m/02rhddq,930.051,0.2583475,1942,0.00048300572199990306,0.04830057219999031,0.4789140061791967,Reversing beeps
/m/03p19w,893.198,0.24811055555555556,189,0.000463866760939851,0.0463866760939851,4.725915343915344,Jackhammer
/m/02y_763,879.086,0.24419055555555555,334,0.00045653794053230067,0.045653794053230064,2.631994011976048,Sliding door
/m/03l9g,869.909,0.2416413888888889,2549,0.00045177202607084305,0.045177202607084306,0.3412746174970577,Hammer
/m/0h0rv,866.706,0.24075166666666667,646,0.0004501086040353141,0.04501086040353141,1.3416501547987616,"Pigeon, dove"
/m/0l7xg,863.29,0.23980277777777778,671,0.0004483345641747563,0.04483345641747563,1.2865722801788375,Gears
/m/07qb_dv,835.013,0.23194805555555556,741,0.0004336493987365263,0.04336493987365263,1.1268731443994602,Scratch
/m/02fxyj,831.04,0.23084444444444444,348,0.00043158609066685523,0.043158609066685526,2.3880459770114943,Humming
/m/04brg2,830.861,0.23079472222222222,1905,0.00043149313014723,0.043149313014722995,0.4361475065616798,"Dishes, pots, and pans"
/t/dd00018,829.713,0.23047583333333332,1575,0.0004308969364235999,0.04308969364235999,0.5268019047619047,Oink
/m/04zmvq,829.389,0.23038583333333335,306,0.0004307286726897531,0.04307286726897531,2.710421568627451,Train whistle
/m/07rbp7_,775.021,0.2152836111111111,1294,0.0004024936026842472,0.04024936026842472,0.5989343122102009,Whip
/t/dd00013,760.502,0.21125055555555555,127,0.0003949534139443646,0.03949534139443646,5.9882047244094485,Children playing
/m/04179zz,753.385,0.20927361111111112,987,0.00039125732445736516,0.039125732445736514,0.7633080040526848,Duck call (hunting tool)
/m/03wwcy,752.03,0.2088972222222222,304,0.0003905536289037774,0.03905536289037774,2.473782894736842,Doorbell
/t/dd00126,738.032,0.2050088888888889,75,0.00038328401240258055,0.038328401240258055,9.840426666666668,"Inside, large room or hall"
/m/07pdjhy,718.7090000000001,0.1996413888888889,404,0.00037324895027566053,0.03732489502756605,1.7789826732673268,Rub
/m/023vsd,716.044,0.1989011111111111,325,0.0003718649291315192,0.03718649291315192,2.203212307692308,Sanding
/m/07qv_x_,713.708,0.19825222222222222,527,0.00037065176838378406,0.03706517683837841,1.3542846299810245,Shuffle
/m/02_nn,704.921,0.1958113888888889,709,0.00036608839360195694,0.0366088393601957,0.9942468265162201,Fart
/m/07pzfmf,704.565,0.1957125,262,0.0003659035112277302,0.03659035112277302,2.689179389312977,Crackle
/m/07q8f3b,698.582,0.19405055555555556,108,0.0003627963448091946,0.03627963448091946,6.4683518518518515,Howl (wind)
/t/dd00136,690.947,0.1919297222222222,786,0.000358831241081045,0.0358831241081045,0.8790674300254453,Whimper (dog)
/m/07m2kt,682.003,0.18944527777777778,92,0.00035418633109485383,0.035418633109485384,7.413076086956522,Chorus effect
/m/07pyy8b,678.705,0.18852916666666666,590,0.000352473572470697,0.0352473572470697,1.1503474576271187,Pant
/m/04fgwm,675.229,0.1875636111111111,105,0.0003506683726594268,0.03506683726594268,6.430752380952382,Electric toothbrush
/m/01swy6,672.711,0.18686416666666666,197,0.0003493606933945308,0.034936069339453084,3.414776649746193,Yodeling
/m/0md09,670.982,0.18638388888888888,98,0.0003484627674815025,0.03484627674815025,6.846755102040816,"Power saw, circular saw, table saw"
/m/01jnbd,665.398,0.1848327777777778,441,0.00034556281473520427,0.034556281473520425,1.5088390022675737,Echo
/m/0242l,656.908,0.18247444444444444,563,0.00034115368170940336,0.03411536817094034,1.1667992895204262,Coin (dropping)
/m/027m70_,649.878,0.1805216666666667,237,0.00033750277415093687,0.03375027741509369,2.742101265822785,Jingle bell
/m/0l156k,647.36,0.17982222222222222,619,0.0003361950948860409,0.03361950948860409,1.045815831987076,Whistle
/m/024dl,646.834,0.1796761111111111,314,0.0003359219259847957,0.03359219259847957,2.059980891719745,Cash register
/m/07q5rw0,630.875,0.17524305555555555,521,0.0003276338984278161,0.03276338984278161,1.2108925143953935,"Neigh, whinny"
/m/0gy1t2s,627.54,0.17431666666666665,200,0.00032590192450072,0.032590192450072,3.1376999999999997,Bicycle bell
/m/07qrkrw,624.872,0.17357555555555554,776,0.0003245163453590431,0.03245163453590431,0.8052474226804123,Meow
/m/06_y0by,611.325,0.1698125,66,0.00031748094782070097,0.031748094782070094,9.262500000000001,Environmental noise
/m/07s0dtb,609.983,0.1694397222222222,1516,0.00031678400358976745,0.03167840035897675,0.40236345646437993,Gasp
/m/09d5_,607.121,0.1686447222222222,933,0.00031529767394078726,0.03152976739407873,0.6507191854233655,Owl
/m/06xkwv,605.693,0.16824805555555555,78,0.00031455606711383274,0.031455606711383276,7.765294871794872,Mains hum
/m/018w8,604.552,0.16793111111111111,1768,0.0003139635087177858,0.031396350871778576,0.34194117647058825,Basketball bounce
/m/0641k,603.631,0.16767527777777777,664,0.0003134852034743508,0.031348520347435085,0.9090828313253012,Paper rustling
/m/07s2xch,601.097,0.16697138888888888,589,0.0003121692148892649,0.03121692148892649,1.0205382003395584,Groan
/m/0hdsk,595.913,0.16553138888888888,106,0.0003094769951477158,0.030947699514771578,5.621820754716981,Chirp tone
/m/07n_g,591.1659999999999,0.16421277777777776,104,0.0003070117237138551,0.03070117237138551,5.684288461538461,Tuning fork
/m/01rd7k,585.287,0.16257972222222222,1038,0.0003039585678765544,0.03039585678765544,0.5638603082851638,Turkey
/m/039jq,582.72,0.1618666666666667,599,0.0003026254413185766,0.030262544131857663,0.9728213689482471,Glass
/m/07qjznl,574.538,0.1595938888888889,1506,0.00029837626270643255,0.029837626270643257,0.38149933598937585,Tick-tock
/m/07r81j2,569.181,0.15810583333333333,370,0.0002955941984403294,0.029559419844032944,1.538327027027027,Caterwaul
/m/07q7njn,550.986,0.15305166666666667,911,0.00028614494338680195,0.028614494338680196,0.604814489571899,"Glass chink, clink"
/m/07pc8lb,549.869,0.15274138888888888,435,0.00028556484897104,0.028556484897104,1.2640666666666667,Breaking
/m/0b_fwt,549.173,0.15254805555555556,83,0.0002852033935427764,0.02852033935427764,6.616542168674699,Electronic tuner
/m/04fq5q,542.643,0.15073416666666667,159,0.0002818121522402464,0.028181215224024638,3.4128490566037737,Foghorn
/t/dd00135,532.733,0.14798138888888887,209,0.0002766655670475859,0.02766655670475859,2.548961722488038,Children shouting
/m/0f8s22,530.129,0.14725805555555557,123,0.0002753132251866689,0.02753132251866689,4.309991869918699,Chime
/m/023pjk,521.998,0.14499944444444446,1229,0.0002710905325326304,0.02710905325326304,0.4247339300244101,"Cutlery, silverware"
/m/07r5v4s,521.365,0.1448236111111111,893,0.0002707617950526148,0.027076179505261477,0.5838353863381859,Drip
/m/07q6cd_,517.0,0.1436111111111111,926,0.0002684949086382896,0.02684949086382896,0.5583153347732182,Squeak
/m/07qwf61,510.993,0.1419425,612,0.00026537527823946905,0.026537527823946905,0.8349558823529412,Honk
/m/01g90h,510.592,0.1418311111111111,317,0.000265167025902208,0.026516702590220802,1.610700315457413,Stomach rumble
/m/09f96,508.763,0.14132305555555555,179,0.00026421716673799247,0.026421716673799247,2.8422513966480447,Mosquito
/m/0316dw,473.245,0.13145694444444445,557,0.0002457715145812908,0.024577151458129082,0.8496319569120288,Typing
/m/04gxbd,472.077,0.1311325,204,0.00024516493420742325,0.024516493420742327,2.3141029411764706,"Power windows, electric windows"
/m/032n05,469.24,0.13034444444444446,184,0.00024369158787123984,0.024369158787123986,2.550217391304348,Whale vocalization
/m/07qdb04,466.58799999999997,0.12960777777777777,894,0.0002423143180497529,0.02423143180497529,0.521910514541387,Quack
/m/07k1x,465.479,0.12929972222222222,918,0.00024173837829408586,0.024173837829408587,0.507057734204793,Tools
/m/07phxs1,463.777,0.12882694444444445,403,0.0002408544743588782,0.02408544743588782,1.1508114143920596,Ding
/m/07r4k75,456.503,0.12680638888888887,347,0.0002370768496675147,0.02370768496675147,1.31557060518732,Grunt
/m/07r_k2n,454.082,0.12613388888888888,886,0.00023581954565627043,0.023581954565627044,0.5125079006772009,Yip
/m/04s8yn,449.139,0.12476083333333333,674,0.00023325248505008268,0.023325248505008268,0.6663783382789318,Crow
/m/04rmv,445.699,0.12380527777777778,728,0.0002314659812092399,0.02314659812092399,0.6122239010989011,Mouse
/m/01b9nn,445.173,0.12365916666666667,287,0.00023119281230799476,0.023119281230799475,1.5511254355400697,Reverberation
/m/07rdhzs,439.342,0.12203944444444444,990,0.00022816458443126385,0.022816458443126384,0.44377979797979794,"Whack, thwack"
/t/dd00121,427.39,0.11871944444444445,518,0.00022195752224935894,0.022195752224935895,0.8250772200772201,Boing
/m/07qh7jl,416.22,0.11561666666666667,541,0.00021615657809173869,0.02161565780917387,0.7693530499075786,Creak
/m/07svc2k,413.80899999999997,0.11494694444444443,611,0.00021490446740561308,0.021490446740561307,0.6772651391162029,Gobble
/m/0cdnk,411.569,0.11432472222222223,314,0.0002137411625790178,0.021374116257901782,1.3107292993630575,"Roaring cats (lions, tigers)"
/m/015jpf,411.233,0.1142313888888889,344,0.00021356666685502852,0.021356666685502852,1.1954447674418605,Dial tone
/m/07s34ls,395.962,0.10998944444444445,117,0.00020563594006621743,0.020563594006621742,3.3842905982905984,Whir
/m/01z47d,381.995,0.10610972222222223,354,0.00019838242287288866,0.019838242287288865,1.0790819209039548,Busy signal
/m/01y3hg,378.877,0.10524361111111111,259,0.00019676314410086893,0.019676314410086892,1.4628455598455599,"Smoke detector, smoke alarm"
/m/05rj2,375.389,0.10427472222222223,621,0.00019495171229945627,0.019495171229945627,0.6044911433172303,Shuffling cards
/m/0dv5r,364.802,0.10133388888888889,655,0.00018945353899625788,0.01894535389962579,0.5569496183206107,Camera
/m/07rcgpl,359.734,0.0999261111111111,45,0.000186821561826086,0.0186821561826086,7.994088888888888,Hum
/m/03fwl,354.024,0.09834,333,0.00018385617318329175,0.018385617318329175,1.0631351351351352,Goat
/m/01lsmm,346.04400000000004,0.09612333333333334,715,0.00017971189973854602,0.017971189973854603,0.48397762237762243,Scissors
/m/07qmpdm,345.371,0.09593638888888889,184,0.0001793623889580555,0.01793623889580555,1.877016304347826,Clatter
/m/03v3yw,344.059,0.09557194444444445,475,0.0001786810247024783,0.01786810247024783,0.7243347368421054,Keys jangling
/m/07rv4dm,339.875,0.09440972222222223,494,0.00017650813747280207,0.017650813747280208,0.6880060728744939,Clang
/m/073cg4,339.564,0.09432333333333334,774,0.00017634662506160962,0.017634662506160963,0.4387131782945737,Cap gun
/m/07bjf,336.792,0.09355333333333332,796,0.0001749070353386979,0.01749070353386979,0.4231055276381909,Single-lens reflex camera
/m/02z32qm,327.839,0.09106638888888889,161,0.00017025745135989983,0.017025745135989985,2.0362670807453416,Fusillade
/t/dd00127,321.456,0.08929333333333334,33,0.00016694255193661512,0.016694255193661512,9.741090909090909,"Inside, public space"
/m/07p6mqd,318.992,0.08860888888888889,214,0.0001656629166273603,0.01656629166273603,1.4906168224299066,Slosh
/m/07pn_8q,317.77099999999996,0.08826972222222221,649,0.00016502881163036346,0.016502881163036345,0.4896317411402156,Chopping (food)
/m/0h2mp,313.382,0.08705055555555556,111,0.00016274946123575332,0.016274946123575332,2.823261261261261,"Fly, housefly"
/m/07rgkc5,311.629,0.08656361111111112,210,0.00016183907134244014,0.016183907134244013,1.483947619047619,Static
/m/01hsr_,309.227,0.08589638888888888,505,0.0001605916346489214,0.01605916346489214,0.6123306930693069,Sneeze
/m/07pczhz,309.182,0.0858838888888889,1096,0.00016056826468588715,0.016056826468588716,0.28210036496350366,Chop
/m/01s0vc,306.331,0.08509194444444446,417,0.0001590876476945375,0.01590876476945375,0.7346067146282974,Zipper (clothing)
/m/03k3r,302.699,0.08408305555555556,270,0.00015720143201141513,0.015720143201141512,1.1211074074074074,Horse
/m/02dgv,296.049,0.08223583333333333,533,0.00015374787080746032,0.015374787080746032,0.5554390243902438,Door
/m/07pqn27,294.459,0.08179416666666667,840,0.00015292213211358241,0.01529221321135824,0.3505464285714286,Bouncing
/m/0174k2,294.214,0.08172611111111111,45,0.00015279489564817356,0.015279489564817356,6.538088888888889,Washing machine
/m/07plct2,290.521,0.08070027777777779,300,0.00015087700068182694,0.015087700068182693,0.9684033333333334,Crushing
/m/07rgt08,289.98699999999997,0.08055194444444444,328,0.00015059967712048678,0.015059967712048677,0.8841067073170731,"Chuckle, chortle"
/m/02c8p,289.144,0.08031777777777778,638,0.00015016187981297795,0.015016187981297795,0.4532037617554859,"Telephone dialing, DTMF"
/m/07r67yg,289.106,0.08030722222222222,129,0.0001501421451775268,0.015014214517752679,2.2411317829457365,Ding-dong
/m/01280g,287.327,0.07981305555555555,169,0.0001492182526389049,0.014921825263890489,1.7001597633136094,Wild animals
/m/02f9f_,284.345,0.07898472222222223,39,0.00014766960308849991,0.014766960308849992,7.2908974358974366,Shower
/m/07rqsjt,279.89,0.07774722222222222,517,0.00014535597674810612,0.014535597674810613,0.5413733075435203,"Whoosh, swoosh, swish"
/m/0gvgw0,274.731,0.07631416666666667,503,0.00014267674031935384,0.014267674031935384,0.5461848906560636,Air brake
/m/030rvx,271.81,0.07550277777777778,276,0.0001411597700521731,0.01411597700521731,0.9848188405797101,Buzzer
/m/07ppn3j,264.326,0.0734238888888889,567,0.0001372730855333163,0.013727308553331631,0.4661834215167549,Sniff
/m/078jl,255.97899999999998,0.07110527777777777,121,0.00013293821705671319,0.013293821705671319,2.1155289256198344,Snake
/m/0dl83,255.62,0.07100555555555556,549,0.00013275177668495083,0.013275177668495083,0.46561020036429873,Arrow
/m/0790c,255.192,0.07088666666666667,55,0.00013252950236986925,0.013252950236986924,4.639854545454545,Sonar
/m/0fqfqc,255.119,0.0708663888888889,226,0.00013249159109650252,0.013249159109650252,1.1288451327433628,Drawer open or close
/m/07s12q4,255.088,0.07085777777777777,313,0.00013247549178863445,0.013247549178863446,0.8149776357827476,Crunch
/m/07r_80w,252.194,0.07005388888888889,525,0.00013097254349927426,0.013097254349927426,0.4803695238095238,Hoot
/m/02417f,251.439,0.06984416666666667,81,0.00013058044745281022,0.013058044745281022,3.104185185185185,"Windscreen wiper, windshield wiper"
/m/07qcx4z,246.565,0.06849027777777777,314,0.00012804922078994173,0.012804922078994172,0.7852388535031847,Tearing
/m/0k65p,245.64,0.06823333333333333,709,0.0001275688382164593,0.012756883821645928,0.346459802538787,Hands
/m/01xq0k1,241.399,0.06705527777777778,166,0.00012536634903360632,0.012536634903360632,1.454210843373494,"Cattle, bovinae"
/m/07pl1bw,221.338,0.061482777777777775,145,0.00011494801951292406,0.011494801951292405,1.5264689655172414,Splinter
/m/07sq110,201.07999999999998,0.055855555555555554,62,0.00010442738148740283,0.010442738148740284,3.243225806451613,Belly laugh
/m/07ryjzk,198.379,0.055105277777777774,673,0.00010302466437283413,0.010302466437283412,0.29476820208023774,"Slap, smack"
/m/02p3nc,187.98,0.05221666666666666,632,9.762412558186783e-05,0.009762412558186783,0.29743670886075946,Hiccup
/m/083vt,186.569,0.051824722222222216,256,9.689134740761517e-05,0.009689134740761517,0.72878515625,Wood
/m/025rv6n,179.968,0.04999111111111111,145,9.346323349674216e-05,0.009346323349674217,1.241158620689655,Fowl
/m/07pdhp0,174.91899999999998,0.0485886111111111,237,9.084112364429589e-05,0.009084112364429589,0.738054852320675,Biting
/m/056r_1,173.542,0.04820611111111111,641,9.01260027754469e-05,0.00901260027754469,0.2707363494539782,Keypress tone
/m/07rjzl8,170.648,0.04740222222222222,374,8.862305448608673e-05,0.008862305448608672,0.45627807486631017,Slam
/m/0chx_,168.95,0.04693055555555555,111,8.774122788092654e-05,0.008774122788092654,1.522072072072072,"White noise, pink noise"
/m/07r4wb8,167.571,0.0465475,432,8.702506834705382e-05,0.008702506834705382,0.38789583333333333,Knock
/m/01sb50,165.118,0.04586611111111111,210,8.575114569542958e-05,0.008575114569542958,0.7862761904761905,"Cellphone buzz, vibrating alert"
/m/07pjjrj,164.195,0.04560972222222222,144,8.52718017869709e-05,0.00852718017869709,1.1402430555555556,"Smash, crash"
/m/0939n_,163.401,0.04538916666666667,73,8.485945177254382e-05,0.008485945177254383,2.238369863013699,Gargling
/m/07qw_06,161.889,0.04496916666666667,182,8.4074221014592e-05,0.0084074221014592,0.8895000000000001,"Wail, moan"
/m/025_jnm,157.596,0.043776666666666665,714,8.184472654112164e-05,0.008184472654112164,0.22072268907563025,Finger snapping
/m/0dl9sf8,157.139,0.04364972222222222,302,8.160739158319573e-05,0.008160739158319573,0.5203278145695365,Throat clearing
/t/dd00142,156.153,0.04337583333333333,32,8.109532972648903e-05,0.008109532972648903,4.87978125,Audio logo
/m/07cx4,148.706,0.04130722222222222,79,7.722786051057154e-05,0.007722786051057154,1.8823544303797466,Telephone
/m/07plz5l,144.064,0.04001777777777778,202,7.481711899045754e-05,0.007481711899045754,0.7131881188118812,Sigh
/m/07qyrcz,142.343,0.03953972222222222,702,7.392334773752427e-05,0.007392334773752427,0.20276780626780624,Plop
/m/07sk0jz,141.187,0.039218611111111114,291,7.332299935379922e-05,0.0073322999353799215,0.48517869415807563,"Stomp, stamp"
/m/07szfh9,133.474,0.03707611111111111,16,6.931738768972352e-05,0.006931738768972352,8.342125,Cacophony
/m/08j51y,131.085,0.0364125,19,6.807670231885917e-05,0.006807670231885918,6.89921052631579,"Dental drill, dentist's drill"
/m/07bgp,130.92600000000002,0.036368333333333336,91,6.799412844947138e-05,0.006799412844947139,1.438747252747253,Sheep
/m/07qqyl4,125.03399999999999,0.03473166666666667,63,6.493422128951624e-05,0.006493422128951624,1.9846666666666666,Boom
/m/012xff,124.42699999999999,0.034563055555555555,38,6.46189864548094e-05,0.006461898645480939,3.274394736842105,Toothbrush
/m/05zc1,119.913,0.03330916666666667,77,6.227471949621512e-05,0.0062274719496215125,1.5573116883116882,Pulleys
/m/07qfgpx,116.005,0.03222361111111111,38,6.0245168039815823e-05,0.006024516803981582,3.0527631578947365,"Jingle, tinkle"
/m/07qlwh6,114.758,0.03187722222222222,133,5.9597560397510316e-05,0.0059597560397510315,0.8628421052631579,Squish
/m/07q0yl5,113.88499999999999,0.03163472222222222,161,5.9144183114645275e-05,0.005914418311464527,0.7073602484472049,Snort
/m/07rrh0c,113.33699999999997,0.03148249999999999,355,5.885958889813891e-05,0.005885958889813891,0.3192591549295774,Thunk
/m/07q4ntr,110.565,0.0307125,61,5.7419999175227244e-05,0.005741999917522725,1.8125409836065574,Bellow
/m/07r10fb,94.393,0.026220277777777776,20,4.9021353793218704e-05,0.00490213537932187,4.71965,Raindrop
/m/07sx8x_,93.96000000000001,0.0261,64,4.879648281557774e-05,0.004879648281557774,1.4681250000000001,Squawk
/m/07s8j8t,91.32,0.025366666666666666,46,4.742544498423327e-05,0.004742544498423327,1.9852173913043476,Roll
/m/07sr1lc,83.545,0.023206944444444443,55,4.338763470442148e-05,0.004338763470442148,1.5190000000000001,Yell
/m/07pt_g0,82.723,0.02297861111111111,94,4.2960743379661954e-05,0.004296074337966195,0.880031914893617,Pulse
/m/07s04w4,82.24600000000001,0.022846111111111112,59,4.271302177149858e-05,0.004271302177149858,1.3940000000000001,Snicker
/m/07qz6j3,80.492,0.02235888888888889,59,4.1802112545673516e-05,0.004180211254567351,1.364271186440678,Whimper
/t/dd00144,79.25200000000001,0.022014444444444448,56,4.115814023095112e-05,0.004115814023095112,1.415214285714286,Alert
/m/09d1b1,79.214,0.02200388888888889,14,4.113840559549994e-05,0.004113840559549994,5.658142857142857,Tape hiss
/m/018p4k,79.098,0.021971666666666667,9,4.1078163024122686e-05,0.004107816302412269,8.788666666666666,Cart
/t/dd00139,73.947,0.020540833333333335,136,3.840308125546538e-05,0.003840308125546538,0.5437279411764706,Snort (horse)
/m/07pyf11,73.689,0.020469166666666663,51,3.826909346740216e-05,0.0038269093467402163,1.4448823529411763,Flap
/m/07rc7d9,71.88000000000001,0.01996666666666667,100,3.73296209534241e-05,0.0037329620953424096,0.7188000000000001,Bow-wow
/m/07qsvvw,65.298,0.018138333333333333,141,3.391137436027666e-05,0.003391137436027666,0.4631063829787234,"Burst, pop"
/m/07qs1cx,65.195,0.01810972222222222,74,3.3857883111553745e-05,0.0033857883111553743,0.8810135135135134,Crack
/m/07mzm6,63.727,0.017701944444444444,70,3.309550298412433e-05,0.003309550298412433,0.9103857142857142,Wheeze
/t/dd00012,57.989000000000004,0.016108055555555556,8,3.011557303099763e-05,0.003011557303099763,7.2486250000000005,Human group actions
/m/01j2bj,57.068,0.015852222222222222,6,2.9637267787562687e-05,0.0029637267787562685,9.511333333333333,Bathroom sounds
/t/dd00091,56.45,0.015680555555555555,9,2.9316320295225237e-05,0.0029316320295225237,6.272222222222222,Sound equipment
/m/0642b4,53.80799999999999,0.014946666666666665,58,2.7944243798857027e-05,0.0027944243798857025,0.9277241379310344,Cupboard open or close
/m/07pqmly,50.236000000000004,0.013954444444444446,46,2.6089188066447032e-05,0.0026089188066447033,1.0920869565217393,"Slurp, drinking straw"
/m/06cyt0,45.679,0.012688611111111112,9,2.3722589809842226e-05,0.0023722589809842226,5.075444444444445,Mechanical bell
/m/04ctx,45.488,0.012635555555555556,69,2.36233973000745e-05,0.00236233973000745,0.6592463768115941,Knife
/m/07qwdck,45.138000000000005,0.012538333333333335,51,2.344163092091899e-05,0.002344163092091899,0.8850588235294119,Ping
/m/07pws3f,44.449000000000005,0.012346944444444445,52,2.308381082023856e-05,0.002308381082023856,0.8547884615384617,Bang
/m/0hgq8df,43.245,0.012012499999999999,40,2.2458534475943583e-05,0.002245853447594358,1.081125,Crockery breaking and smashing
/m/068hy,43.037000000000006,0.011954722222222224,23,2.2350513313474023e-05,0.0022350513313474023,1.8711739130434786,"Domestic animals, pets"
/m/02021,42.366,0.011768333333333334,53,2.2002041198007303e-05,0.0022002041198007304,0.7993584905660377,Chipmunk
/g/11b630rrvh,40.867000000000004,0.011351944444444446,5,2.122356176270983e-05,0.0021223561762709828,8.1734,Kettle whistle
/m/05mxj0q,38.973,0.010825833333333333,35,2.0239945985222553e-05,0.0020239945985222555,1.1135142857142857,"Packing tape, duct tape"
/t/dd00143,37.124,0.010312222222222223,49,1.927970017076956e-05,0.0019279700170769562,0.7576326530612245,Unknown sound
/m/01lynh,32.927,0.009146388888888888,25,1.7100061618438995e-05,0.0017100061618438994,1.31708,Stairs
/m/01dwxx,30.138,0.008371666666666668,32,1.5651643242825476e-05,0.0015651643242825476,0.9418125,"Gull, seagull"
/m/0zmy2j9,30.122000000000003,0.008367222222222224,51,1.5643333922635513e-05,0.0015643333922635513,0.5906274509803923,"Velcro, hook and loop fastener"
/t/dd00123,29.985,0.008329166666666667,3,1.5572185368508923e-05,0.0015572185368508923,9.995,"Channel, environment and background"
/m/07s13rg,28.666999999999998,0.007963055555555555,30,1.4887705117860439e-05,0.0014887705117860438,0.9555666666666666,Sweeping
/m/040b_t,19.569000000000003,0.005435833333333334,3,1.0162817924840793e-05,0.0010162817924840792,6.523000000000001,Refrigerator
/t/dd00061,19.168,0.005324444444444444,6,9.954565587579758e-06,0.0009954565587579757,3.1946666666666665,Non-motorized land vehicle
/m/0fjy1,19.085,0.005301388888888889,2,9.911460989094307e-06,0.0009911460989094306,9.5425,Wildfire
/t/dd00108,18.208000000000002,0.005057777777777778,17,9.456006376181774e-06,0.0009456006376181774,1.0710588235294118,Clunk
/m/01j423,17.963,0.004989722222222223,17,9.328769910772913e-06,0.0009328769910772913,1.0566470588235295,Yawn
/m/0ffhf,16.408,0.004557777777777778,17,8.521207854810553e-06,0.0008521207854810552,0.9651764705882354,"Donkey, ass"
/t/dd00118,15.434000000000001,0.004287222222222223,2,8.015377988246348e-06,0.0008015377988246349,7.7170000000000005,Fizz
/m/01z5f,14.184,0.00394,9,7.366212348405221e-06,0.000736621234840522,1.5759999999999998,"Canidae, wild dogs, wolves"
/m/0ch8v,12.586,0.0034961111111111113,5,6.536318994432326e-06,0.0006536318994432326,2.5172,"Livestock, farm animals, working animals"
/m/07bm98,11.836,0.003287777777777778,4,6.146819610527651e-06,0.0006146819610527651,2.959,Sound reproduction
/t/dd00125,10.0,0.002777777777777778,1,5.1933251187290054e-06,0.0005193325118729006,10.0,"Inside, small room"
/t/dd00128,10.0,0.002777777777777778,1,5.1933251187290054e-06,0.0005193325118729006,10.0,"Outside, urban or manmade"
/t/dd00110,8.811,0.0024475,1,4.575838762112127e-06,0.0004575838762112127,8.811,Deformable shell
/t/dd00122,7.907999999999999,0.002196666666666666,17,4.1068815038908965e-06,0.00041068815038908967,0.4651764705882352,Other sourceless
/m/09hlz4,7.3149999999999995,0.0020319444444444443,14,3.798917324350267e-06,0.00037989173243502673,0.5225,Respiratory sounds
/m/07q8k13,6.417000000000002,0.0017825000000000004,9,3.3325567286884034e-06,0.00033325567286884036,0.7130000000000002,Screech
/m/079vc8,6.378,0.0017716666666666666,5,3.3123027607253595e-06,0.00033123027607253594,1.2756,Wolf-whistling
/m/0bcdqg,5.981000000000002,0.0016613888888888893,6,3.106127753511819e-06,0.0003106127753511819,0.9968333333333336,"Ringing tone, ringback tone"
/m/04v5dt,5.234999999999999,0.0014541666666666665,6,2.718705699654634e-06,0.0002718705699654634,0.8724999999999999,Booing
/m/01hhp3,5.1850000000000005,0.001440277777777778,9,2.6927390740609895e-06,0.00026927390740609893,0.5761111111111111,Yak
/m/07pc8l3,5.175000000000001,0.0014375000000000002,18,2.6875457489422607e-06,0.0002687545748942261,0.28750000000000003,Snap
/m/0d4wf,4.435,0.0012319444444444444,12,2.3032396901563136e-06,0.00023032396901563135,0.3695833333333333,Kitchen and dining room sounds
/m/0hg7b,3.6210000000000013,0.0010058333333333336,4,1.8805030254917735e-06,0.00018805030254917735,0.9052500000000003,Microphone
/m/0160x5,2.842,0.0007894444444444445,4,1.4759429987427834e-06,0.00014759429987427835,0.7105,Digestive
/m/098_xr,1.8790000000000004,0.0005219444444444446,4,9.758257898091804e-07,9.758257898091805e-05,0.4697500000000001,Error signal
/m/08dckq,1.7010000000000005,0.00047250000000000016,2,8.83384602695804e-07,8.83384602695804e-05,0.8505000000000003,"Carbon monoxide detector, CO detector"
/m/07pt6mm,1.5909999999999993,0.00044194444444444424,1,8.262580263897844e-07,8.262580263897844e-05,1.5909999999999993,Grind
/m/02ll1_,1.5110000000000001,0.00041972222222222226,2,7.847114254399527e-07,7.847114254399527e-05,0.7555000000000001,Lock
/m/0193bn,1.4780000000000002,0.0004105555555555556,1,7.675734525481471e-07,7.675734525481471e-05,1.4780000000000002,Sonic boom
/m/07p78v5,1.4250000000000007,0.00039583333333333354,1,7.400488294188836e-07,7.400488294188836e-05,1.4250000000000007,Zing
/m/07pk7mg,1.3160000000000003,0.00036555555555555565,2,6.834415856247373e-07,6.834415856247372e-05,0.6580000000000001,Wobble
/t/dd00147,1.037,0.00028805555555555556,1,5.385478148121978e-07,5.385478148121978e-05,1.037,"Dong, bong"
/m/07q34h3,0.9180000000000001,0.000255,1,4.7674724589932277e-07,4.7674724589932276e-05,0.9180000000000001,Puff
/m/0269r2s,0.786,0.00021833333333333335,1,4.0819535433209986e-07,4.0819535433209987e-05,0.786,Chain
/m/0bpl036,0.4509999999999996,0.00012527777777777768,1,2.3421896285467796e-07,2.3421896285467795e-05,0.4509999999999996,Human locomotion
